{
  "Author": "Kanwa",
  "Name": "Mass Withdraw",
  "InternalName": "MassWithdraw",
  "AssemblyVersion": "1.0.1.2",
  "Description": "Withdraw all items from your retainer into your inventory with preview, async pacing, and unique-item protection.",
  "ApplicableVersion": "any",
  "Tags": [
    "retainer",
    "inventory",
    "utility"
  ],
  "DalamudApiLevel": 13,
  "LoadRequiredState": 0,
  "LoadSync": false,
  "CanUnloadAsync": false,
  "LoadPriority": 0,
  "IconUrl": "https://kanww.github.io/Mass-Withdraw/releases/icon128.png",
  "Punchline": "Fast and safe retainer inventory withdraw.",
  "AcceptsFeedback": true
}