{
  "Author": "Kanwa",
  "Name": "Mass Withdraw",
  "InternalName": "MassWithdraw",
  "AssemblyVersion": "1.0.0.0",
  "Description": "Withdraw all items from a retainer’s inventory directly into your player bags — fast, async and safe.",
  "ApplicableVersion": "any",
  "DalamudApiLevel": 13,
  "RepoUrl": "https://github.com/Kanww/Mass-Withdraw",
  "Punchline": "Fast, safe, asynchronous retainer withdrawal.",
  "Tags": [
    "retainer",
    "inventory"
  ],
  "CategoryTags": [
    "jobs"
  ],
  "ImageUrls": [],
  "LoadRequiredState": 0,
  "LoadSync": false,
  "CanUnloadAsync": false,
  "AcceptsFeedback": true,
  "LoadPriority": 0,
  "IconUrl": "https://raw.githubusercontent.com/Kanww/Mass-Withdraw/master/icon.png"
}